[
    {
        "name": "Biochem",
        "description": "Biochem product description.",
        "category": "Reagents",
        "image": "images\/Biochem.jpg",
        "whatsapp_link": "https:\/\/wa.me\/919555422455?text=I'm%20interested%20in%20Biochem"
    },
    {
        "name": "Chikungunya Virus IgG IgM",
        "description": "Chikungunya Virus rapid diagnostic test.",
        "category": "Uncut Sheet",
        "image": "images\/Chikungunya Virus IgGIgM.png",
        "whatsapp_link": "https:\/\/wa.me\/919555422455?text=I'm%20interested%20in%20Chikungunya%20Virus%20IgG%20IgM"
    },
    {
        "name": "chorus trio",
        "description": "Chorus Trio diagnostic equipment.",
        "category": "Medical Equipment",
        "image": "images\/chorus trio.png",
        "whatsapp_link": "https:\/\/wa.me\/919555422455?text=I'm%20interested%20in%20chorus%20trio"
    },
    {
        "name": "FA160",
        "description": "FA160 equipment.",
        "category": "Medical Equipment",
        "image": "images\/FA160.png",
        "whatsapp_link": "https:\/\/wa.me\/919555422455?text=I'm%20interested%20in%20FA160"
    },
    {
        "name": "Filariasis IgG IgM",
        "description": "Filariasis IgG IgM Rapid Test.",
        "category": "Uncut Sheet",
        "image": "images\/Filariasis IgG IgM.png",
        "whatsapp_link": "https:\/\/wa.me\/919555422455?text=I'm%20interested%20in%20Filariasis%20IgG%20IgM"
    },
    {
        "name": "Filariasis Rapid test",
        "description": "Filariasis Rapid Test kit.",
        "category": "Uncut Sheet",
        "image": "images\/Filariasis Rapid test.png",
        "whatsapp_link": "https:\/\/wa.me\/919555422455?text=I'm%20interested%20in%20Filariasis%20Rapid%20test"
    },
    {
        "name": "HbsAg Antigen Test",
        "description": "HbsAg Antigen Rapid Test.",
        "category": "Uncut Sheet",
        "image": "images\/HbsAg AntigenTest.png",
        "whatsapp_link": "https:\/\/wa.me\/919555422455?text=I'm%20interested%20in%20HbsAg%20Antigen%20Test"
    },
    {
        "name": "hcv uncut",
        "description": "HCV uncut Rapid Test.",
        "category": "Uncut Sheet",
        "image": "images\/hcv uncut.png",
        "whatsapp_link": "https:\/\/wa.me\/919555422455?text=I'm%20interested%20in%20hcv%20uncut"
    },
    {
        "name": "HIV 4th generation",
        "description": "HIV 4th Generation ELISA Kit.",
        "category": "Uncut Sheet",
        "image": "images\/HIV 4th generation.png",
        "whatsapp_link": "https:\/\/wa.me\/919555422455?text=I'm%20interested%20in%20HIV%204th%20generation"
    },
    {
        "name": "leptospira IGG IGM",
        "description": "Leptospira IGG IGM Rapid Test.",
        "category": "Uncut Sheet",
        "image": "images\/leptospira IGG IGM.png",
        "whatsapp_link": "https:\/\/wa.me\/919555422455?text=I'm%20interested%20in%20leptospira%20IGG%20IGM"
    },
    {
        "name": "LifeDX H3Pro",
        "description": "LifeDX H3Pro equipment.",
        "category": "Medical Equipment",
        "image": "images\/LifeDX H3Pro.png",
        "whatsapp_link": "https:\/\/wa.me\/919555422455?text=I'm%20interested%20in%20LifeDX%20H3Pro"
    },
    {
        "name": "LifeDX",
        "description": "LifeDX equipment.",
        "category": "Medical Equipment",
        "image": "images\/LifeDX.png",
        "whatsapp_link": "https:\/\/wa.me\/919555422455?text=I'm%20interested%20in%20LifeDX"
    },
    {
        "name": "Maglumi 800",
        "description": "Maglumi 800 diagnostic equipment.",
        "category": "Medical Equipment",
        "image": "images\/Maglumi 800.png",
        "whatsapp_link": "https:\/\/wa.me\/919555422455?text=I'm%20interested%20in%20Maglumi%20800"
    },
    {
        "name": "maglumio",
        "description": "Maglumio diagnostic equipment.",
        "category": "Medical Equipment",
        "image": "images\/maglumio.png",
        "whatsapp_link": "https:\/\/wa.me\/919555422455?text=I'm%20interested%20in%20maglumio"
    },
    {
        "name": "Malaria Pan",
        "description": "Malaria Pan Rapid Test.",
        "category": "Uncut Sheet",
        "image": "images\/Malaria Pan.png",
        "whatsapp_link": "https:\/\/wa.me\/919555422455?text=I'm%20interested%20in%20Malaria%20Pan"
    },
    {
        "name": "Malaria PF Antigen Rapid Test",
        "description": "Malaria PF Antigen Rapid Test.",
        "category": "Uncut Sheet",
        "image": "images\/Malaria PF Antigen Rapid Test.png",
        "whatsapp_link": "https:\/\/wa.me\/919555422455?text=I'm%20interested%20in%20Malaria%20PF%20Antigen%20Rapid%20Test"
    },
    {
        "name": "Mindray bc4150",
        "description": "Mindray bc4150 diagnostic equipment.",
        "category": "Medical Equipment",
        "image": "images\/Mindray bc4150.png",
        "whatsapp_link": "https:\/\/wa.me\/919555422455?text=I'm%20interested%20in%20Mindray%20bc4150"
    },
    {
        "name": "Syphilis uncut",
        "description": "Syphilis uncut Rapid Test.",
        "category": "Uncut Sheet",
        "image": "images\/Syphilis uncut.png",
        "whatsapp_link": "https:\/\/wa.me\/919555422455?text=I'm%20interested%20in%20Syphilis%20uncut"
    },
    {
        "name": "Typhoid IGG",
        "description": "Typhoid IGG Rapid Test.",
        "category": "Uncut Sheet",
        "image": "images\/Typhoid IGG.png",
        "whatsapp_link": "https:\/\/wa.me\/919555422455?text=I'm%20interested%20in%20Typhoid%20IGG"
    },
    {
        "name": "Chikungunya Virus Positive Human Serum Sample",
        "description": "Positive Human Serum Sample for Chikungunya Virus.",
        "category": "Positive Human Serum Samples",
        "image": "images\/serum.jpg",
        "whatsapp_link": "https:\/\/wa.me\/919555422455?text=I'm%20interested%20in%20Chikungunya%20Virus%20Positive%20Human%20Serum%20Sample"
    },
    {
        "name": "Filariasis Positive Human Serum Sample",
        "description": "Positive Human Serum Sample for Filariasis.",
        "category": "Positive Human Serum Samples",
        "image": "images\/serum.jpg",
        "whatsapp_link": "https:\/\/wa.me\/919555422455?text=I'm%20interested%20in%20Filariasis%20Positive%20Human%20Serum%20Sample"
    },
    {
        "name": "HbsAg Positive Human Serum Sample",
        "description": "Positive Human Serum Sample for HbsAg.",
        "category": "Positive Human Serum Samples",
        "image": "images\/serum.jpg",
        "whatsapp_link": "https:\/\/wa.me\/919555422455?text=I'm%20interested%20in%20HbsAg%20Positive%20Human%20Serum%20Sample"
    },
    {
        "name": "HIV Positive Human Serum Sample",
        "description": "Positive Human Serum Sample for HIV.",
        "category": "Positive Human Serum Samples",
        "image": "images\/serum.jpg",
        "whatsapp_link": "https:\/\/wa.me\/919555422455?text=I'm%20interested%20in%20HIV%20Positive%20Human%20Serum%20Sample"
    },
    {
        "name": "Dengue Positive Human Serum Sample",
        "description": "Positive Human Serum Sample for Dengue.",
        "category": "Positive Human Serum Samples",
        "image": "images\/serum.jpg",
        "whatsapp_link": "https:\/\/wa.me\/919555422455?text=I'm%20interested%20in%20Dengue%20Positive%20Human%20Serum%20Sample"
    },
    {
        "name": "Malaria Positive Human Serum Sample",
        "description": "Positive Human Serum Sample for Malaria.",
        "category": "Positive Human Serum Samples",
        "image": "images\/serum.jpg",
        "whatsapp_link": "https:\/\/wa.me\/919555422455?text=I'm%20interested%20in%20Malaria%20Positive%20Human%20Serum%20Sample"
    },
    {
        "name": "Typhoid Positive Human Serum Sample",
        "description": "Positive Human Serum Sample for Typhoid.",
        "category": "Positive Human Serum Samples",
        "image": "images\/serum.jpg",
        "whatsapp_link": "https:\/\/wa.me\/919555422455?text=I'm%20interested%20in%20Typhoid%20Positive%20Human%20Serum%20Sample"
    },
    {
        "name": "HIV1 gp 41+gp120 recombinant protein",
        "description": "HIV1 gp 41+gp120 recombinant protein.",
        "category": "Raw Materials",
        "image": "images\/smd medicare.jpeg",
        "whatsapp_link": "https:\/\/wa.me\/919555422455?text=I'm%20interested%20in%20HIV1%20gp%2041+gp120%20recombinant%20protein"
    },
    {
        "name": "HIV2gp36 recombinant protein",
        "description": "HIV2gp36 recombinant protein.",
        "category": "Raw Materials",
        "image": "images\/smd medicare.jpeg",
        "whatsapp_link": "https:\/\/wa.me\/919555422455?text=I'm%20interested%20in%20HIV2gp36%20recombinant%20protein"
    },
    {
        "name": "HIV1+HIV2 coupling protein",
        "description": "HIV1+HIV2 coupling protein.",
        "category": "Raw Materials",
        "image": "images\/smd medicare.jpeg",
        "whatsapp_link": "https:\/\/wa.me\/919555422455?text=I'm%20interested%20in%20HIV1+HIV2%20coupling%20protein"
    },
    {
        "name": "HIV p24 recombinant protein",
        "description": "HIV p24 recombinant protein.",
        "category": "Raw Materials",
        "image": "images\/smd medicare.jpeg",
        "whatsapp_link": "https:\/\/wa.me\/919555422455?text=I'm%20interested%20in%20HIV%20p24%20recombinant%20protein"
    },
    {
        "name": "Anti HIV p24 Monoclonal antibody",
        "description": "Anti HIV p24 Monoclonal antibody.",
        "category": "Raw Materials",
        "image": "images\/smd medicare.jpeg",
        "whatsapp_link": "https:\/\/wa.me\/919555422455?text=I'm%20interested%20in%20Anti%20HIV%20p24%20Monoclonal%20antibody"
    },
    {
        "name": "Anti HIV p24 Monoclonal antibody (Secondary antibody)",
        "description": "Anti HIV p24 Monoclonal antibody (Secondary antibody).",
        "category": "Raw Materials",
        "image": "images\/smd medicare.jpeg",
        "whatsapp_link": "https:\/\/wa.me\/919555422455?text=I'm%20interested%20in%20Anti%20HIV%20p24%20Monoclonal%20antibody%20(Secondary%20antibody)"
    },
    {
        "name": "HCV Core+NS3+NS4+NS5 Chimeric recombinant protein",
        "description": "HCV Core+NS3+NS4+NS5 Chimeric recombinant protein.",
        "category": "Raw Materials",
        "image": "images\/smd medicare.jpeg",
        "whatsapp_link": "https:\/\/wa.me\/919555422455?text=I'm%20interested%20in%20HCV%20Core+NS3+NS4+NS5%20Chimeric%20recombinant%20protein"
    },
    {
        "name": "HCV coupling protein",
        "description": "HCV coupling protein.",
        "category": "Raw Materials",
        "image": "images\/smd medicare.jpeg",
        "whatsapp_link": "https:\/\/wa.me\/919555422455?text=I'm%20interested%20in%20HCV%20coupling%20protein"
    },
    {
        "name": "Anti HCV monoclonal antibody (Primary antibody)",
        "description": "Anti HCV monoclonal antibody (Primary antibody).",
        "category": "Raw Materials",
        "image": "images\/smd medicare.jpeg",
        "whatsapp_link": "https:\/\/wa.me\/919555422455?text=I'm%20interested%20in%20Anti%20HCV%20monoclonal%20antibody%20(Primary%20antibody)"
    },
    {
        "name": "Anti HCV monoclonal antibody (Secondary antibody)",
        "description": "Anti HCV monoclonal antibody (Secondary antibody).",
        "category": "Raw Materials",
        "image": "images\/smd medicare.jpeg",
        "whatsapp_link": "https:\/\/wa.me\/919555422455?text=I'm%20interested%20in%20Anti%20HCV%20monoclonal%20antibody%20(Secondary%20antibody)"
    },
    {
        "name": "Syphilis (treponema pallidum) 15kDa + 17kda + 47kda chimeric protein",
        "description": "Syphilis (treponema pallidum) 15kDa + 17kda + 47kda chimeric protein.",
        "category": "Raw Materials",
        "image": "images\/smd medicare.jpeg",
        "whatsapp_link": "https:\/\/wa.me\/919555422455?text=I'm%20interested%20in%20Syphilis%20(treponema%20pallidum)%2015kDa%20+%2017kda%20+%2047kda%20chimeric%20protein"
    },
    {
        "name": "Syphilis coupling protein",
        "description": "Syphilis coupling protein.",
        "category": "Raw Materials",
        "image": "images\/smd medicare.jpeg",
        "whatsapp_link": "https:\/\/wa.me\/919555422455?text=I'm%20interested%20in%20Syphilis%20coupling%20protein"
    },
    {
        "name": "Dengue NS1 recombinant protein",
        "description": "Dengue NS1 recombinant protein.",
        "category": "Raw Materials",
        "image": "images\/smd medicare.jpeg",
        "whatsapp_link": "https:\/\/wa.me\/919555422455?text=I'm%20interested%20in%20Dengue%20NS1%20recombinant%20protein"
    },
    {
        "name": "Anti-Dengue NS1 monoclonal antibody (Primary antibody)",
        "description": "Anti-Dengue NS1 monoclonal antibody (Primary antibody).",
        "category": "Raw Materials",
        "image": "images\/smd medicare.jpeg",
        "whatsapp_link": "https:\/\/wa.me\/919555422455?text=I'm%20interested%20in%20Anti-Dengue%20NS1%20monoclonal%20antibody%20(Primary%20antibody)"
    },
    {
        "name": "Anti-Dengue NS1 monoclonal antibody (Secondary antibody)",
        "description": "Anti-Dengue NS1 monoclonal antibody (Secondary antibody).",
        "category": "Raw Materials",
        "image": "images\/smd medicare.jpeg",
        "whatsapp_link": "https:\/\/wa.me\/919555422455?text=I'm%20interested%20in%20Anti-Dengue%20NS1%20monoclonal%20antibody%20(Secondary%20antibody)"
    },
    {
        "name": "Anti-HBsAg Monoclonal antibody (Primary antibody)",
        "description": "Anti-HBsAg Monoclonal antibody (Primary antibody).",
        "category": "Raw Materials",
        "image": "images\/smd medicare.jpeg",
        "whatsapp_link": "https:\/\/wa.me\/919555422455?text=I'm%20interested%20in%20Anti-HBsAg%20Monoclonal%20antibody%20(Primary%20antibody)"
    },
    {
        "name": "Anti-HBsAg Monoclonal antibody (Secondary antibody)",
        "description": "Anti-HBsAg Monoclonal antibody (Secondary antibody).",
        "category": "Raw Materials",
        "image": "images\/smd medicare.jpeg",
        "whatsapp_link": "https:\/\/wa.me\/919555422455?text=I'm%20interested%20in%20Anti-HBsAg%20Monoclonal%20antibody%20(Secondary%20antibody)"
    },
    {
        "name": "Amylase",
        "description": "Amylase.",
        "category": "Reagents",
        "image": "images\/reagent.jpg",
        "whatsapp_link": "https:\/\/wa.me\/919555422455?text=I'm%20interested%20in%20Amylase"
    },
    {
        "name": "Albumin",
        "description": "Albumin.",
        "category": "Reagents",
        "image": "images\/reagent.jpg",
        "whatsapp_link": "https:\/\/wa.me\/919555422455?text=I'm%20interested%20in%20Albumin"
    },
    {
        "name": "Alkaline Phosphatase SL",
        "description": "Alkaline Phosphatase SL.",
        "category": "Reagents",
        "image": "images\/reagent.jpg",
        "whatsapp_link": "https:\/\/wa.me\/919555422455?text=I'm%20interested%20in%20Alkaline%20Phosphatase%20SL"
    },
    {
        "name": "AST\/GOT",
        "description": "AST\/GOT.",
        "category": "Reagents",
        "image": "images\/reagent.jpg",
        "whatsapp_link": "https:\/\/wa.me\/919555422455?text=I'm%20interested%20in%20AST%2FGOT"
    },
    {
        "name": "ALT\/GPT",
        "description": "ALT\/GPT.",
        "category": "Reagents",
        "image": "images\/reagent.jpg",
        "whatsapp_link": "https:\/\/wa.me\/919555422455?text=I'm%20interested%20in%20ALT%2FGPT"
    },
    {
        "name": "Calcium ARS",
        "description": "Calcium ARS.",
        "category": "Reagents",
        "image": "images\/reagent.jpg",
        "whatsapp_link": "https:\/\/wa.me\/919555422455?text=I'm%20interested%20in%20Calcium%20ARS"
    },
    {
        "name": "Cholesterol",
        "description": "Cholesterol.",
        "category": "Reagents",
        "image": "images\/reagent.jpg",
        "whatsapp_link": "https:\/\/wa.me\/919555422455?text=I'm%20interested%20in%20Cholesterol"
    },
    {
        "name": "Creatinine Two reagent",
        "description": "Creatinine Two reagent.",
        "category": "Reagents",
        "image": "images\/reagent.jpg",
        "whatsapp_link": "https:\/\/wa.me\/919555422455?text=I'm%20interested%20in%20Creatinine%20Two%20reagent"
    },
    {
        "name": "Gamma GT",
        "description": "Gamma GT.",
        "category": "Reagents",
        "image": "images\/reagent.jpg",
        "whatsapp_link": "https:\/\/wa.me\/919555422455?text=I'm%20interested%20in%20Gamma%20GT"
    },
    {
        "name": "Glucose",
        "description": "Glucose.",
        "category": "Reagents",
        "image": "images\/reagent.jpg",
        "whatsapp_link": "https:\/\/wa.me\/919555422455?text=I'm%20interested%20in%20Glucose"
    },
    {
        "name": "Magnesium",
        "description": "Magnesium.",
        "category": "Reagents",
        "image": "images\/reagent.jpg",
        "whatsapp_link": "https:\/\/wa.me\/919555422455?text=I'm%20interested%20in%20Magnesium"
    },
    {
        "name": "Phosphorus",
        "description": "Phosphorus.",
        "category": "Reagents",
        "image": "images\/reagent.jpg",
        "whatsapp_link": "https:\/\/wa.me\/919555422455?text=I'm%20interested%20in%20Phosphorus"
    },
    {
        "name": "Triglyceride",
        "description": "Triglyceride.",
        "category": "Reagents",
        "image": "images\/reagent.jpg",
        "whatsapp_link": "https:\/\/wa.me\/919555422455?text=I'm%20interested%20in%20Triglyceride"
    },
    {
        "name": "Total Protein",
        "description": "Total Protein.",
        "category": "Reagents",
        "image": "images\/reagent.jpg",
        "whatsapp_link": "https:\/\/wa.me\/919555422455?text=I'm%20interested%20in%20Total%20Protein"
    },
    {
        "name": "Urea UV",
        "description": "Urea UV.",
        "category": "Reagents",
        "image": "images\/reagent.jpg",
        "whatsapp_link": "https:\/\/wa.me\/919555422455?text=I'm%20interested%20in%20Urea%20UV"
    },
    {
        "name": "LDH (P-L)",
        "description": "LDH (P-L).",
        "category": "Reagents",
        "image": "images\/reagent.jpg",
        "whatsapp_link": "https:\/\/wa.me\/919555422455?text=I'm%20interested%20in%20LDH%20(P-L)"
    },
    {
        "name": "Bilirubin (End Point)",
        "description": "Bilirubin (End Point).",
        "category": "Reagents",
        "image": "images\/reagent.jpg",
        "whatsapp_link": "https:\/\/wa.me\/919555422455?text=I'm%20interested%20in%20Bilirubin%20(End%20Point)"
    },
    {
        "name": "CRP",
        "description": "CRP.",
        "category": "Reagents",
        "image": "images\/reagent.jpg",
        "whatsapp_link": "https:\/\/wa.me\/919555422455?text=I'm%20interested%20in%20CRP"
    },
    {
        "name": "CK MB",
        "description": "CK MB.",
        "category": "Reagents",
        "image": "images\/reagent.jpg",
        "whatsapp_link": "https:\/\/wa.me\/919555422455?text=I'm%20interested%20in%20CK%20MB"
    },
    {
        "name": "CK NAC",
        "description": "CK NAC.",
        "category": "Reagents",
        "image": "images\/reagent.jpg",
        "whatsapp_link": "https:\/\/wa.me\/919555422455?text=I'm%20interested%20in%20CK%20NAC"
    },
    {
        "name": "Uric Acid",
        "description": "Uric Acid.",
        "category": "Reagents",
        "image": "images\/reagent.jpg",
        "whatsapp_link": "https:\/\/wa.me\/919555422455?text=I'm%20interested%20in%20Uric%20Acid"
    },
    {
        "name": "HDL Cholesterol",
        "description": "HDL Cholesterol.",
        "category": "Reagents",
        "image": "images\/reagent.jpg",
        "whatsapp_link": "https:\/\/wa.me\/919555422455?text=I'm%20interested%20in%20HDL%20Cholesterol"
    },
    {
        "name": "LDL Cholesterol",
        "description": "LDL Cholesterol.",
        "category": "Reagents",
        "image": "images\/reagent.jpg",
        "whatsapp_link": "https:\/\/wa.me\/919555422455?text=I'm%20interested%20in%20LDL%20Cholesterol"
    },
    {
        "name": "ASO",
        "description": "ASO.",
        "category": "Reagents",
        "image": "images\/reagent.jpg",
        "whatsapp_link": "https:\/\/wa.me\/919555422455?text=I'm%20interested%20in%20ASO"
    },
    {
        "name": "Magnesium (Mono Vial)",
        "description": "Magnesium (Mono Vial).",
        "category": "Reagents",
        "image": "images\/reagent.jpg",
        "whatsapp_link": "https:\/\/wa.me\/919555422455?text=I'm%20interested%20in%20Magnesium%20(Mono%20Vial)"
    },
    {
        "name": "Phosphorus (Mono Vial)",
        "description": "Phosphorus (Mono Vial).",
        "category": "Reagents",
        "image": "images\/reagent.jpg",
        "whatsapp_link": "https:\/\/wa.me\/919555422455?text=I'm%20interested%20in%20Phosphorus%20(Mono%20Vial)"
    },
    {
        "name": "Chloride (Mono Vial)",
        "description": "Chloride (Mono Vial).",
        "category": "Reagents",
        "image": "images\/reagent.jpg",
        "whatsapp_link": "https:\/\/wa.me\/919555422455?text=I'm%20interested%20in%20Chloride%20(Mono%20Vial)"
    },
    {
        "name": "Micro Protein (Mono Vial)",
        "description": "Micro Protein (Mono Vial).",
        "category": "Reagents",
        "image": "images\/reagent.jpg",
        "whatsapp_link": "https:\/\/wa.me\/919555422455?text=I'm%20interested%20in%20Micro%20Protein%20(Mono%20Vial)"
    },
    {
        "name": "Calcium (Mono Vial)",
        "description": "Calcium (Mono Vial).",
        "category": "Reagents",
        "image": "images\/reagent.jpg",
        "whatsapp_link": "https:\/\/wa.me\/919555422455?text=I'm%20interested%20in%20Calcium%20(Mono%20Vial)"
    },
    {
        "name": "Creatinine Enzymatic",
        "description": "Creatinine Enzymatic.",
        "category": "Reagents",
        "image": "images\/reagent.jpg",
        "whatsapp_link": "https:\/\/wa.me\/919555422455?text=I'm%20interested%20in%20Creatinine%20Enzymatic"
    },
    {
        "name": "HCY with calibrator & control",
        "description": "HCY with calibrator & control.",
        "category": "Reagents",
        "image": "images\/reagent.jpg",
        "whatsapp_link": "https:\/\/wa.me\/919555422455?text=I'm%20interested%20in%20HCY%20with%20calibrator%20and%20control"
    },
    {
        "name": "HCY with calibrator & control",
        "description": "HCY with calibrator & control.",
        "category": "Reagents",
        "image": "images\/reagent.jpg",
        "whatsapp_link": "https:\/\/wa.me\/919555422455?text=I'm%20interested%20in%20HCY%20with%20calibrator%20and%20control"
    },
    {
        "name": "IgE With Calibrator",
        "description": "IgE With Calibrator.",
        "category": "Reagents",
        "image": "images\/reagent.jpg",
        "whatsapp_link": "https:\/\/wa.me\/919555422455?text=I'm%20interested%20in%20IgE%20With%20Calibrator"
    },
    {
        "name": "IgE With Calibrator",
        "description": "IgE With Calibrator.",
        "category": "Reagents",
        "image": "images\/reagent.jpg",
        "whatsapp_link": "https:\/\/wa.me\/919555422455?text=I'm%20interested%20in%20IgE%20With%20Calibrator"
    },
    {
        "name": "IgE Control",
        "description": "IgE Control.",
        "category": "Reagents",
        "image": "images\/reagent.jpg",
        "whatsapp_link": "https:\/\/wa.me\/919555422455?text=I'm%20interested%20in%20IgE%20Control"
    },
    {
        "name": "ADA With Calibrator & control",
        "description": "ADA With Calibrator & control.",
        "category": "Reagents",
        "image": "images\/reagent.jpg",
        "whatsapp_link": "https:\/\/wa.me\/919555422455?text=I'm%20interested%20in%20ADA%20With%20Calibrator%20and%20control"
    },
    {
        "name": "ADA With Calibrator & control",
        "description": "ADA With Calibrator & control.",
        "category": "Reagents",
        "image": "images\/reagent.jpg",
        "whatsapp_link": "https:\/\/wa.me\/919555422455?text=I'm%20interested%20in%20ADA%20With%20Calibrator%20and%20control"
    },
    {
        "name": "Direct Bilirubin (DCA)",
        "description": "Direct Bilirubin (DCA).",
        "category": "Reagents",
        "image": "images\/reagent.jpg",
        "whatsapp_link": "https:\/\/wa.me\/919555422455?text=I'm%20interested%20in%20Direct%20Bilirubin%20(DCA)"
    },
    {
        "name": "Total Bilirubin (DCA)",
        "description": "Total Bilirubin (DCA).",
        "category": "Reagents",
        "image": "images\/reagent.jpg",
        "whatsapp_link": "https:\/\/wa.me\/919555422455?text=I'm%20interested%20in%20Total%20Bilirubin%20(DCA)"
    },
    {
        "name": "TBA with calibrator",
        "description": "TBA with calibrator.",
        "category": "Reagents",
        "image": "images\/reagent.jpg",
        "whatsapp_link": "https:\/\/wa.me\/919555422455?text=I'm%20interested%20in%20TBA%20with%20calibrator"
    },
    {
        "name": "TBA with Calibrator",
        "description": "TBA with Calibrator.",
        "category": "Reagents",
        "image": "images\/reagent.jpg",
        "whatsapp_link": "https:\/\/wa.me\/919555422455?text=I'm%20interested%20in%20TBA%20with%20Calibrator"
    },
    {
        "name": "LPA",
        "description": "LPA.",
        "category": "Reagents",
        "image": "images\/reagent.jpg",
        "whatsapp_link": "https:\/\/wa.me\/919555422455?text=I'm%20interested%20in%20LPA"
    },
    {
        "name": "LPA",
        "description": "LPA.",
        "category": "Reagents",
        "image": "images\/reagent.jpg",
        "whatsapp_link": "https:\/\/wa.me\/919555422455?text=I'm%20interested%20in%20LPA"
    },
    {
        "name": "LP",
        "description": "LP.",
        "category": "Reagents",
        "image": "images\/reagent.jpg",
        "whatsapp_link": "https:\/\/wa.me\/919555422455?text=I'm%20interested%20in%20LP"
    },
    {
        "name": "LPA Calibrator",
        "description": "LPA Calibrator.",
        "category": "Reagents",
        "image": "images\/reagent.jpg",
        "whatsapp_link": "https:\/\/wa.me\/919555422455?text=I'm%20interested%20in%20LPA%20Calibrator"
    },
    {
        "name": "LPA Control",
        "description": "LPA Control.",
        "category": "Reagents",
        "image": "images\/reagent.jpg",
        "whatsapp_link": "https:\/\/wa.me\/919555422455?text=I'm%20interested%20in%20LPA%20Control"
    },
    {
        "name": "HDL with Calibrator",
        "description": "HDL with Calibrator.",
        "category": "Reagents",
        "image": "images\/reagent.jpg",
        "whatsapp_link": "https:\/\/wa.me\/919555422455?text=I'm%20interested%20in%20HDL%20with%20Calibrator"
    },
    {
        "name": "HDL with Calibrator",
        "description": "HDL with Calibrator.",
        "category": "Reagents",
        "image": "images\/reagent.jpg",
        "whatsapp_link": "https:\/\/wa.me\/919555422455?text=I'm%20interested%20in%20HDL%20with%20Calibrator"
    },
    {
        "name": "LDL with Calibrator",
        "description": "LDL with Calibrator.",
        "category": "Reagents",
        "image": "images\/reagent.jpg",
        "whatsapp_link": "https:\/\/wa.me\/919555422455?text=I'm%20interested%20in%20LDL%20with%20Calibrator"
    },
    {
        "name": "LDL with Calibrator",
        "description": "LDL with Calibrator.",
        "category": "Reagents",
        "image": "images\/reagent.jpg",
        "whatsapp_link": "https:\/\/wa.me\/919555422455?text=I'm%20interested%20in%20LDL%20with%20Calibrator"
    },
    {
        "name": "Lactate with calibrator & Control",
        "description": "Lactate with calibrator & Control.",
        "category": "Reagents",
        "image": "images\/reagent.jpg",
        "whatsapp_link": "https:\/\/wa.me\/919555422455?text=I'm%20interested%20in%20Lactate%20with%20calibrator%20and%20Control"
    },
    {
        "name": "ACE",
        "description": "ACE.",
        "category": "Reagents",
        "image": "images\/reagent.jpg",
        "whatsapp_link": "https:\/\/wa.me\/919555422455?text=I'm%20interested%20in%20ACE"
    },
    {
        "name": "ACE Calibrator",
        "description": "ACE Calibrator.",
        "category": "Reagents",
        "image": "images\/reagent.jpg",
        "whatsapp_link": "https:\/\/wa.me\/919555422455?text=I'm%20interested%20in%20ACE%20Calibrator"
    },
    {
        "name": "ACE Control",
        "description": "ACE Control.",
        "category": "Reagents",
        "image": "images\/reagent.jpg",
        "whatsapp_link": "https:\/\/wa.me\/919555422455?text=I'm%20interested%20in%20ACE%20Control"
    },
    {
        "name": "HS-CRP",
        "description": "HS-CRP.",
        "category": "Reagents",
        "image": "images\/reagent.jpg",
        "whatsapp_link": "https:\/\/wa.me\/919555422455?text=I'm%20interested%20in%20HS-CRP"
    },
    {
        "name": "hs-CRP Calibrator",
        "description": "hs-CRP Calibrator.",
        "category": "Reagents",
        "image": "images\/reagent.jpg",
        "whatsapp_link": "https:\/\/wa.me\/919555422455?text=I'm%20interested%20in%20hs-CRP%20Calibrator"
    },
    {
        "name": "hs-CRP Control",
        "description": "hs-CRP Control.",
        "category": "Reagents",
        "image": "images\/reagent.jpg",
        "whatsapp_link": "https:\/\/wa.me\/919555422455?text=I'm%20interested%20in%20hs-CRP%20Control"
    },
    {
        "name": "MicroAlbumin with Calibrator & Control",
        "description": "MicroAlbumin with Calibrator & Control.",
        "category": "Reagents",
        "image": "images\/reagent.jpg",
        "whatsapp_link": "https:\/\/wa.me\/919555422455?text=I'm%20interested%20in%20MicroAlbumin%20with%20Calibrator%20and%20Control"
    },
    {
        "name": "MicroAlbumin with Calibrator & Control",
        "description": "MicroAlbumin with Calibrator & Control.",
        "category": "Reagents",
        "image": "images\/reagent.jpg",
        "whatsapp_link": "https:\/\/wa.me\/919555422455?text=I'm%20interested%20in%20MicroAlbumin%20with%20Calibrator%20and%20Control"
    },
    {
        "name": "Dengue IgG IgG Antibody Testing Kit",
        "description": "mfg By; Shom Healthcare LLP",
        "category": "Rapid Test Kits",
        "image": ""
    },
    {
        "name": "Dengue IgG IgG Antibody Testing Kit",
        "description": "rahul",
        "category": "ELISA Kits",
        "image": ""
    }
]